Category,Prevalence,SE,CI_Lower,CI_Upper,N
Short (<7h),52.63298749109746,1.4801164208923527,49.73195930614845,55.534015676046465,1138
Normal (7-9h),50.50668326970066,1.0486920754444358,48.45124680182956,52.562119737571756,2273
Long (>9h),55.0413571031421,1.5676042349067303,51.96885280272491,58.113861403559284,1007
